{
  "$id": "https://github.com/microsoft/terminal/blob/master/doc/cascadia/profiles.schema.json",
  "$schema": "http://json-schema.org/draft-07/schema#",
  "title": "Microsoft's Windows Terminal Settings Profile Schema'",
  "definitions": {
    "KeyChordSegment": {
      "pattern": "^(?<modifier>(ctrl|alt|shift)(?:\\+(ctrl|alt|shift)(?<!\\2))?(?:\\+(ctrl|alt|shift)(?<!\\2|\\3))?\\+)?(?<key>[^\\s+]|backspace|tab|enter|esc|escape|space|pgup|pageup|pgdn|pagedown|end|home|left|up|right|down|insert|delete|(?<!shift.+)(?:numpad_?[0-9]|numpad_(?:period|decimal))|numpad_(?:multiply|plus|add|minus|subtract|divide)|f[1-9]|f1[0-9]|f2[0-4]|plus)$",
      "type": "string",
      "description": "The string should fit the format \"[ctrl+][alt+][shift+]<keyName>\", where each modifier is optional, separated by + symbols, and keyName is either one of the names listed in the table below, or any single key character. The string should be written in full lowercase.\nbackspace\tBACKSPACE key\ntab\tTAB key\nenter\tENTER key\nesc, escape\tESC key\nspace\tSPACEBAR\npgup, pageup\tPAGE UP key\npgdn, pagedown\tPAGE DOWN key\nend\tEND key\nhome\tHOME key\nleft\tLEFT ARROW key\nup\tUP ARROW key\nright\tRIGHT ARROW key\ndown\tDOWN ARROW key\ninsert\tINS key\ndelete\tDEL key\nnumpad_0-numpad_9, numpad0-numpad9\tNumeric keypad keys 0 to 9. Can't be combined with the shift modifier.\nnumpad_multiply\tNumeric keypad MULTIPLY key (*)\nnumpad_plus, numpad_add\tNumeric keypad ADD key (+)\nnumpad_minus, numpad_subtract\tNumeric keypad SUBTRACT key (-)\nnumpad_period, numpad_decimal\tNumeric keypad DECIMAL key (.). Can't be combined with the shift modifier.\nnumpad_divide\tNumeric keypad DIVIDE key (/)\nf1-f24\tF1 to F24 function keys\nplus\tADD key (+)"
    },
    "Color": {
      "default": "#",
      "pattern": "^#([A-Fa-f0-9]{6}|[A-Fa-f0-9]{3})$",
      "type": "string",
      "format": "color"
    },
    "Coordinates": {
      "pattern": "^(-?\\d+)?(,\\s?(-?\\d+)?)?$",
      "type": "string"
    },
    "ProfileGuid": {
      "default": "{}",
      "pattern": "^\\{[a-fA-F0-9]{8}-[a-fA-F0-9]{4}-[a-fA-F0-9]{4}-[a-fA-F0-9]{4}-[a-fA-F0-9]{12}\\}$",
      "type": "string"
    },
    "ShortcutActionName": {
      "enum": [
        "adjustFontSize",
        "closePane",
        "closeTab",
        "closeWindow",
        "copy",
        "decreaseFontSize",
        "duplicateTab",
        "moveFocus",
        "newTab",
        "nextTab",
        "openNewTabDropdown",
        "openSettings",
        "paste",
        "prevTab",
        "resetFontSize",
        "resizePane",
        "scrollDown",
        "scrollDownPage",
        "scrollUp",
        "scrollUpPage",
        "splitPane",
        "switchToTab",
        "toggleFullscreen",
        "find",
        "unbound"
      ],
      "type": "string"
    },
    "Direction": {
      "enum": [
        "left",
        "right",
        "up",
        "down"
      ],
      "type": "string"
    },
    "SplitState": {
      "enum": [
        "vertical",
        "horizontal",
        "auto"
      ],
      "type": "string"
    },
    "NewTerminalArgs": {
      "properties": {
        "commandline": {
          "description": "A commandline to use instead of the profile's",
          "type": "string"
        },
        "tabTitle": {
          "description": "An initial tabTitle to use instead of the profile's",
          "type": "string"
        },
        "startingDirectory": {
          "description": "A startingDirectory to use instead of the profile's",
          "type": "string"
        },
        "profile": {
          "description": "Either the GUID or name of a profile to use, instead of launching the default",
          "type": "string"
        },
        "index": {
          "type": "integer",
          "description": "The index of the profile in the new tab dropdown to open"
        }
      },
      "type": "object"
    },
    "ShortcutAction": {
      "properties": {
        "action": {
          "description": "The action to execute",
          "$ref": "#/definitions/ShortcutActionName"
        }
      },
      "required": [
        "action"
      ],
      "type": "object"
    },
    "AdjustFontSizeAction": {
      "description": "Arguments corresponding to an Adjust Font Size Action",
      "allOf": [
        { "$ref": "#/definitions/ShortcutAction" },
        {
          "properties": {
            "action": { "type": "string", "pattern": "adjustFontSize" },
            "delta": {
              "type": "integer",
              "default": 0,
              "description": "How much to change the current font point size"
            }
          }
        }
      ],
      "required": [ "delta" ]
    },
    "CopyAction": {
      "description": "Arguments corresponding to a Copy Text Action",
      "allOf": [
        { "$ref": "#/definitions/ShortcutAction" },
        {
          "properties": {
            "action": { "type": "string", "pattern": "copy" },
            "singleLine": {
              "type": "boolean",
              "default": false,
              "description": "If true, newlines are removed and whitespace is maintained. If false, whitespace is removed and newlines are maintained."
            }
          }
        }
      ]
    },
    "NewTabAction": {
      "description": "Arguments corresponding to a New Tab Action",
      "allOf": [
        { "$ref": "#/definitions/ShortcutAction" },
        { "$ref": "#/definitions/NewTerminalArgs" },
        {
          "properties": {
            "action": { "type":"string", "pattern": "newTab" }
          }
        }
      ]
    },
    "SwitchToTabAction": {
      "description": "Arguments corresponding to a Switch To Tab Action",
      "allOf": [
        { "$ref": "#/definitions/ShortcutAction" },
        {
          "properties": {
            "action": { "type": "string", "pattern": "switchToTab" },
            "index": {
              "type": "integer",
              "default": 0,
              "description": "Which tab to switch to, with the first being 0"
            }
          }
        }
      ],
      "required": [ "index" ]
    },
    "MoveFocusAction": {
      "description": "Arguments corresponding to a Move Focus Action",
      "allOf": [
        { "$ref": "#/definitions/ShortcutAction" },
        {
          "properties": {
            "action": { "type": "string", "pattern": "moveFocus" },
            "direction": {
              "$ref": "#/definitions/Direction",
              "default": "left",
              "description": "The direction to move focus in, between panes"
            }
          }
        }
      ],
      "required": [ "direction" ]
    },
    "ResizePaneAction": {
      "description": "Arguments corresponding to a Resize Pane Action",
      "allOf": [
        { "$ref": "#/definitions/ShortcutAction" },
        {
          "properties": {
            "action": { "type": "string", "pattern": "resizePane" },
            "direction": {
              "$ref": "#/definitions/Direction",
              "default": "left",
              "description": "The direction to move the pane separator in"
            }
          }
        }
      ],
      "required": [ "direction" ]
    },
    "SplitPaneAction": {
      "description": "Arguments corresponding to a Split Pane Action",
      "allOf": [
        { "$ref": "#/definitions/ShortcutAction" },
        { "$ref": "#/definitions/NewTerminalArgs" },
        {
          "properties": {
            "action": { "type": "string", "pattern": "splitPane" },
            "split": {
              "$ref": "#/definitions/SplitState",
              "default": "auto",
              "description": "The orientation to split the pane in, either vertical (think [|]), horizontal (think [-]), or auto (splits pane based on remaining space)"
            },
            "splitMode": {
              "default": "duplicate",
              "description": "Control how the pane splits. Only accepts `duplicate` which will duplicate the focused pane's profile into a new pane."
            }
          }
        }
      ]
    },
    "Keybinding": {
      "additionalProperties": false,
      "properties": {
        "command": {
          "description": "The action executed when the associated key bindings are pressed.",
            "oneOf": [
              { "$ref": "#/definitions/AdjustFontSizeAction" },
              { "$ref": "#/definitions/CopyAction" },
              { "$ref": "#/definitions/ShortcutActionName" },
              { "$ref": "#/definitions/NewTabAction" },
              { "$ref": "#/definitions/SwitchToTabAction" },
              { "$ref": "#/definitions/MoveFocusAction" },
              { "$ref": "#/definitions/ResizePaneAction" },
              { "$ref": "#/definitions/SplitPaneAction" },
              { "type": "null" }
            ]
        },
        "keys": {
          "description": "Defines the key combinations used to call the command.",
          "oneOf": [
            {
              "$ref": "#/definitions/KeyChordSegment"
            },
            {
              "items": {
                "$ref": "#/definitions/KeyChordSegment"
              },
              "minItems": 1,
              "type": "array"
            }
          ]
        }
      },
      "required": [
        "command",
        "keys"
      ],
      "type": "object"
    },
    "Globals": {
      "additionalProperties": true,
      "description": "Properties that affect the entire window, regardless of the profile settings.",
      "properties": {
        "alwaysShowTabs": {
          "default": true,
          "description": "When set to true, tabs are always displayed. When set to false and showTabsInTitlebar is set to false, tabs only appear after opening a new tab.",
          "type": "boolean"
        },
        "copyOnSelect": {
          "default": false,
          "description": "When set to true, a selection is immediately copied to your clipboard upon creation. When set to false, the selection persists and awaits further action.",
          "type": "boolean"
        },
        "defaultProfile": {
          "$ref": "#/definitions/ProfileGuid",
          "description": "Sets the default profile. Opens by clicking the '+' icon or typing the key binding assigned to 'newTab'. The guid of the desired default profile is used as the value."
        },
        "initialCols": {
          "default": 120,
          "description": "The number of columns displayed in the window upon first load.",
          "maximum": 999,
          "minimum": 1,
          "type": "integer"
        },
        "initialPosition": {
          "$ref": "#/definitions/Coordinates",
          "description": "The position of the top left corner of the window upon first load. On a system with multiple displays, these coordinates are relative to the top left of the primary display. If launchMode is set to maximized, the window will be maximized on the monitor specified by those coordinates."
        },
        "initialRows": {
          "default": 30,
          "description": "The number of rows displayed in the window upon first load.",
          "maximum": 999,
          "minimum": 1,
          "type": "integer"
        },
        "launchMode": {
          "default": "default",
          "description": "Defines whether the Terminal will launch as maximized or not.",
          "enum": [
            "maximized",
            "default"
          ],
          "type": "string"
        },
        "rowsToScroll": {
          "default": "system",
          "description": "The number of rows to scroll at a time with the mouse wheel. This will override the system setting if the value is not zero or 'system'.",
          "maximum": 999,
          "minimum": 0,
          "type": ["integer", "string"]
        },
        "keybindings": {
          "description": "Properties are specific to each custom key binding.",
          "items": {
            "$ref": "#/definitions/Keybinding"
          },
          "type": "array"
        },
        "requestedTheme": {
          "default": "system",
          "description": "Sets the theme of the application.",
          "enum": [
            "light",
            "dark",
            "system"
          ],
          "type": "string"
        },
        "showTabsInTitlebar": {
          "default": true,
          "description": "When set to true, the tabs are moved into the titlebar and the titlebar disappears. When set to false, the titlebar sits above the tabs.",
          "type": "boolean"
        },
        "showTerminalTitleInTitlebar": {
          "default": true,
          "description": "When set to true, titlebar displays the title of the selected tab. When set to false, titlebar displays 'Windows Terminal'.",
          "type": "boolean"
        },
        "snapToGridOnResize": {
          "default": false,
          "description": "When set to true, the window will snap to the nearest character boundary on resize. When false, the window will resize 'smoothly'",
          "type": "boolean"
        },
        "tabWidthMode": {
          "default": "equal",
          "description": "Sets the width of the tabs.",
          "enum": [
            "equal",
            "titleLength"
          ],
          "type": "string"
        },
        "wordDelimiters": {
          "default": " ./\\()\"'-:,.;<>~!@#$%^&*|+=[]{}~?│",
          "description": "Determines the delimiters used in a double click selection.",
          "type": "string"
        },
        "confirmCloseAllTabs": {
          "default": true,
          "description": " When set to `true` closing a window with multiple tabs open WILL require confirmation.  When set to `false` closing a window with multiple tabs open WILL NOT require confirmation.",
          "type":"boolean"
        }
      },
      "required": [
        "defaultProfile"
      ],
      "type": "object"
    },
    "Profile": {
      "description": "Properties specific to a unique profile.",
      "additionalProperties": false,
      "properties": {
        "acrylicOpacity": {
          "default": 0.5,
          "description": "When useAcrylic is set to true, it sets the transparency of the window for the profile. Accepts floating point values from 0-1 (default 0.5).",
          "maximum": 1,
          "minimum": 0,
          "type": "number"
        },
        "antialiasingMode": {
          "default": "grayscale",
          "description": "Controls how text is antialiased in the renderer. Possible values are \"grayscale\", \"cleartype\" and \"aliased\". Note that changing this setting will require starting a new terminal instance.",
          "enum": [
            "grayscale",
            "cleartype",
            "aliased"
          ],
          "type": "string"
        },
        "background": {
          "$ref": "#/definitions/Color",
          "default": "#0c0c0c",
          "description": "Sets the background color of the profile. Overrides background set in color scheme if colorscheme is set. Uses hex color format: \"#rrggbb\".",
          "type": ["string", "null"]
        },
        "backgroundImage": {
          "description": "Sets the file location of the Image to draw over the window background.",
          "type": "string"
        },
        "backgroundImageAlignment": {
          "default": "center",
          "enum": [
            "bottom",
            "bottomLeft",
            "bottomRight",
            "center",
            "left",
            "right",
            "top",
            "topLeft",
            "topRight"
          ],
          "type": "string"
        },
        "backgroundImageOpacity": {
          "description": "(Not in SettingsSchema.md)",
          "maximum": 1,
          "minimum": 0,
          "type": "number"
        },
        "backgroundImageStretchMode": {
          "default": "uniformToFill",
          "description": "Sets how the background image is resized to fill the window.",
          "enum": [
            "fill",
            "none",
            "uniform",
            "uniformToFill"
          ],
          "type": "string"
        },
        "closeOnExit": {
          "default": "graceful",
          "description": "Sets how the profile reacts to termination or failure to launch. Possible values: \"graceful\" (close when exit is typed or the process exits normally), \"always\" (always close) and \"never\" (never close). true and false are accepted as synonyms for \"graceful\" and \"never\" respectively.",
          "oneOf": [
            {
              "enum": [
                "never",
                "graceful",
                "always"
              ],
              "type": "string"
            },
            {
              "type": "boolean"
            }
          ]
        },
        "colorScheme": {
          "default": "Campbell",
          "description": "Name of the terminal color scheme to use. Color schemes are defined under \"schemes\".",
          "type": "string"
        },
        "colorTable": {
          "description": "Array of colors used in the profile if colorscheme is not set. Colors use hex color format: \"#rrggbb\". Ordering is as follows: [black, red, green, yellow, blue, magenta, cyan, white, bright black, bright red, bright green, bright yellow, bright blue, bright magenta, bright cyan, bright white]",
          "items": {
            "additionalProperties": false,
            "properties": {
              "background": {
                "$ref": "#/definitions/Color",
                "description": "Sets the background color of the color table."
              },
              "black": {
                "$ref": "#/definitions/Color",
                "description": "Sets the color used as ANSI black."
              },
              "blue": {
                "$ref": "#/definitions/Color",
                "description": "Sets the color used as ANSI blue."
              },
              "brightBlack": {
                "$ref": "#/definitions/Color",
                "description": "Sets the color used as ANSI bright black."
              },
              "brightBlue": {
                "$ref": "#/definitions/Color",
                "description": "Sets the color used as ANSI bright blue."
              },
              "brightCyan": {
                "$ref": "#/definitions/Color",
                "description": "Sets the color used as ANSI bright cyan."
              },
              "brightGreen": {
                "$ref": "#/definitions/Color",
                "description": "Sets the color used as ANSI bright green."
              },
              "brightPurple": {
                "$ref": "#/definitions/Color",
                "description": "Sets the color used as ANSI bright purple."
              },
              "brightRed": {
                "$ref": "#/definitions/Color",
                "description": "Sets the color used as ANSI bright red."
              },
              "brightWhite": {
                "$ref": "#/definitions/Color",
                "description": "Sets the color used as ANSI bright white."
              },
              "brightYellow": {
                "$ref": "#/definitions/Color",
                "description": "Sets the color used as ANSI bright yellow."
              },
              "cyan": {
                "$ref": "#/definitions/Color",
                "description": "Sets the color used as ANSI cyan."
              },
              "foreground": {
                "$ref": "#/definitions/Color",
                "description": "Sets the foreground color of the color table."
              },
              "green": {
                "$ref": "#/definitions/Color",
                "description": "Sets the color used as ANSI green."
              },
              "purple": {
                "$ref": "#/definitions/Color",
                "description": "Sets the color used as ANSI purple."
              },
              "red": {
                "$ref": "#/definitions/Color",
                "description": "Sets the color used as ANSI red."
              },
              "white": {
                "$ref": "#/definitions/Color",
                "description": "Sets the color used as ANSI white."
              },
              "yellow": {
                "$ref": "#/definitions/Color",
                "description": "Sets the color used as ANSI yellow."
              }
            },
            "type": "object"
          },
          "type": "array"
        },
        "commandline": {
          "description": "Executable used in the profile.",
          "type": "string"
        },
        "connectionType": {
          "$ref": "#/definitions/ProfileGuid",
          "description": "A GUID reference to a connection type. Currently undocumented as of 0.3, this is used for Azure Cloud Shell"
        },
        "cursorColor": {
          "$ref": "#/definitions/Color",
          "description": "Sets the cursor color of the profile. Overrides cursor color set in color scheme if colorscheme is set. Uses hex color format: \"#rrggbb\"."
        },
        "cursorHeight": {
          "description": "Sets the percentage height of the cursor starting from the bottom. Only works when cursorShape is set to \"vintage\". Accepts values from 25-100.",
          "maximum": 100,
          "minimum": 25,
          "type": "integer"
        },
        "cursorShape": {
          "default": "bar",
          "description": "Sets the cursor shape for the profile. Possible values: \"vintage\" ( ▃ ), \"bar\" ( ┃, default ), \"underscore\" ( ▁ ), \"filledBox\" ( █ ), \"emptyBox\" ( ▯ )",
          "enum": [
            "bar",
            "emptyBox",
            "filledBox",
            "underscore",
            "vintage"
          ],
          "type": "string"
        },
        "experimental.retroTerminalEffect": {
          "description": "When set to true, enable retro terminal effects. This is an experimental feature, and its continued existence is not guaranteed.",
          "type": "boolean"
        },
        "fontFace": {
          "default": "Cascadia Code",
          "description": "Name of the font face used in the profile.",
          "type": "string"
        },
        "fontSize": {
          "default": 12,
          "description": "Sets the font size.",
          "minimum": 1,
          "type": "integer"
        },
        "foreground": {
          "$ref": "#/definitions/Color",
          "default": "#cccccc",
          "description": "Sets the foreground color of the profile. Overrides foreground set in color scheme if colorscheme is set. Uses hex color format: \"#rrggbb\".",
          "type": ["string", "null"]
        },
        "guid": {
          "$ref": "#/definitions/ProfileGuid",
          "description": "Unique identifier of the profile. Written in registry format: \"{00000000-0000-0000-0000-000000000000}\"."
        },
        "hidden": {
          "default": false,
          "description": "If set to true, the profile will not appear in the list of profiles. This can be used to hide default profiles and dynamically generated profiles, while leaving them in your settings file.",
          "type": "boolean"
        },
        "historySize": {
          "default": 9001,
          "description": "The number of lines above the ones displayed in the window you can scroll back to.",
          "minimum": -1,
          "type": "integer"
        },
        "icon": {
          "description": "Image file location of the icon used in the profile. Displays within the tab and the dropdown menu.",
          "type": "string"
        },
        "name": {
          "description": "Name of the profile. Displays in the dropdown menu.",
          "minLength": 1,
          "type": "string"
        },
        "padding": {
          "default": "8, 8, 8, 8",
          "description": "Sets the padding around the text within the window. Can have three different formats: \"#\" sets the same padding for all sides, \"#, #\" sets the same padding for left-right and top-bottom, and \"#, #, #, #\" sets the padding individually for left, top, right, and bottom.",
          "pattern": "^-?[0-9]+(\\.[0-9]+)?( *, *-?[0-9]+(\\.[0-9]+)?|( *, *-?[0-9]+(\\.[0-9]+)?){3})?$",
          "type": "string"
        },
        "scrollbarState": {
          "default": "visible",
          "description": "Defines the visibility of the scrollbar.",
          "enum": [
            "visible",
            "hidden"
          ],
          "type": "string"
        },
        "selectionBackground": {
          "$ref": "#/definitions/Color",
          "description": "Sets the selection background color of the profile. Overrides selection background set in color scheme if colorscheme is set. Uses hex color format: \"#rrggbb\"."
        },
        "snapOnInput": {
          "default": true,
          "description": "When set to true, the window will scroll to the command input line when typing. When set to false, the window will not scroll when you start typing.",
          "type": "boolean"
        },
        "source": {
          "description": "Stores the name of the profile generator that originated this profile.",
          "type": "string"
        },
        "startingDirectory": {
          "description": "The directory the shell starts in when it is loaded.",
          "type": "string"
        },
        "suppressApplicationTitle": {
          "description": "When set to true, tabTitle overrides the default title of the tab and any title change messages from the application will be suppressed. When set to false, tabTitle behaves as normal.",
          "type": "boolean"
        },
        "tabTitle": {
          "description": "If set, will replace the name as the title to pass to the shell on startup. Some shells (like bash) may choose to ignore this initial value, while others (cmd, powershell) may use this value over the lifetime of the application.",
          "type": "string"
        },
        "useAcrylic": {
          "default": false,
          "description": "When set to true, the window will have an acrylic background. When set to false, the window will have a plain, untextured background.",
          "type": "boolean"
        }
      },
      "type": "object"
    },
    "ProfileList": {
      "description": "A list of profiles and the properties specific to each.",
      "items": {
        "$ref": "#/definitions/Profile",
        "required": [
          "guid",
          "name"
        ]
      },
      "type": "array"
    },
    "ProfilesObject": {
      "description": "A list of profiles and default settings that apply to all of them",
      "properties": {
        "list": {
          "$ref": "#/definitions/ProfileList"
        },
        "defaults": {
          "description": "The default settings that apply to every profile.",
          "$ref": "#/definitions/Profile"
        }
      },
      "type": "object"
    },
    "SchemeList": {
      "description": "Properties are specific to each color scheme. ColorTool is a great tool you can use to create and explore new color schemes. All colors use hex color format.",
      "items": {
        "additionalProperties": false,
        "properties": {
          "name": {
            "description": "Name of the color scheme.",
            "minLength": 1,
            "type": "string"
          },
          "background": {
            "$ref": "#/definitions/Color",
            "description": "Sets the background color of the color scheme."
          },
          "black": {
            "$ref": "#/definitions/Color",
            "description": "Sets the color used as ANSI black."
          },
          "blue": {
            "$ref": "#/definitions/Color",
            "description": "Sets the color used as ANSI blue."
          },
          "brightBlack": {
            "$ref": "#/definitions/Color",
            "description": "Sets the color used as ANSI bright black."
          },
          "brightBlue": {
            "$ref": "#/definitions/Color",
            "description": "Sets the color used as ANSI bright blue."
          },
          "brightCyan": {
            "$ref": "#/definitions/Color",
            "description": "Sets the color used as ANSI bright cyan."
          },
          "brightGreen": {
            "$ref": "#/definitions/Color",
            "description": "Sets the color used as ANSI bright green."
          },
          "brightPurple": {
            "$ref": "#/definitions/Color",
            "description": "Sets the color used as ANSI bright purple."
          },
          "brightRed": {
            "$ref": "#/definitions/Color",
            "description": "Sets the color used as ANSI bright red."
          },
          "brightWhite": {
            "$ref": "#/definitions/Color",
            "description": "Sets the color used as ANSI bright white."
          },
          "brightYellow": {
            "$ref": "#/definitions/Color",
            "description": "Sets the color used as ANSI bright yellow."
          },
          "cursorColor": {
            "$ref": "#/definitions/Color",
            "default": "#FFFFFF",
            "description": "Sets the cursor color of the color scheme."
          },
          "cyan": {
            "$ref": "#/definitions/Color",
            "description": "Sets the color used as ANSI cyan."
          },
          "foreground": {
            "$ref": "#/definitions/Color",
            "description": "Sets the foreground color of the color scheme."
          },
          "green": {
            "$ref": "#/definitions/Color",
            "description": "Sets the color used as ANSI green."
          },
          "purple": {
            "$ref": "#/definitions/Color",
            "description": "Sets the color used as ANSI purple."
          },
          "red": {
            "$ref": "#/definitions/Color",
            "description": "Sets the color used as ANSI red."
          },
          "selectionBackground": {
            "$ref": "#/definitions/Color",
            "description": "Sets the selection background color of the color scheme."
          },
          "white": {
            "$ref": "#/definitions/Color",
            "description": "Sets the color used as ANSI white."
          },
          "yellow": {
            "$ref": "#/definitions/Color",
            "description": "Sets the color used as ANSI yellow."
          }
        },
        "type": "object"
      },
      "type": "array"
    }
  },
  "allOf": [
    { "$ref": "#/definitions/Globals" },
    {
      "additionalItems": true,
      "properties": {
        "profiles": {
          "oneOf": [
            { "$ref": "#/definitions/ProfileList" },
            { "$ref": "#/definitions/ProfilesObject" }
          ]
        },
        "schemes": { "$ref": "#/definitions/SchemeList" }
      },
      "required": [
        "profiles",
        "schemes",
        "defaultProfile"
      ]
    }
  ]
}
